idx,id,mixed_SS_AA
0,AF-A0A4Q2Y815-F1,MAETWQRLNPGARVHIAYGGTRERFAKLCWPDRTFIDDPRLRTRDHQRDRQSYLGLMRAVVAELQPLRMDRVLMAECDVMPLRRGLVDYLEKRRCEEGADLLGPRIRRVDGTGHPHYLAHQFHPAFGQWLAQSVRAEKETVLMMVGCLTWWTWKAFEAVSASAEPMPVYLELAIPTAAHQLGFRVRELTELNGFLQPLGEMQPHLAEWRAGGHWVAHPCKKIWRRASPS
1,AF-A0A4Q2Y815-F1,dqvqvcvqevvdddaaedaddpvvvvpdpddhydyqpdclcvdpdllvsqraclsvllrvcvscvvvpdfkdkdadpqkdfqhhclvvvvvvvcvvqvfqkeaapkdwcpphppplcvvpvpppvvlvclvlapdppsrtwifgpdrimmhgpvlsvqlspdddsdrgrhrgsnqsssvsppghydyphlchvqadpddacvvcsvvcsvvvhgihprhvpppvppddd
2,AF-A0A6M4AV89-F1,MNKGQWIISAFVAGALATAGAYIAIQWNAMPPEGQASADDRANPNGPMAGQTSPRLSEQAAQTIAVQTLMGDPYGRTSAEVLKNMTAKGLELNAGQSEWVWEVRIAPSADMPQGINGELRINANDGRLTPVMLPFLD
3,AF-A0A6M4AV89-F1,dddyddddddddddddddddddpppppddddddddppppppddvppdppqdddqqddpvrllvvqlvlqcdppqhvdsvsnvvqkdwpqwdqdpnftkgkiwgwadadpvrnptftwmwiagrhprdidtgrpvphd
4,AF-A0A350JF98-F1,MKDIFIEDVVNWRHEGLSTTAIKAKLTPHDLSDEERRIIMMEAEELFLKELERPEKAPPQSKLLVKSLVLFLMLGMMVLMFFDHAYLGFGGLVLIWLALKKSNILGKQKRGPSVFDKQ
5,AF-A0A350JF98-F1,dlvvllvvllvvvvvvddpvvslvvcvvppddpvssvvsvvssvvvnvvvvppppppppvvvvvvvvvvvvvvvvvvvvvvvvvvcvvvvvvvvvvvvvvvvvvvvvvvpdddppddd
6,AF-A0A1H9XH11-F1,MNAALRNRMLACDLLVAGDPDEVADEVLALARDLVRVTDERIRTWTS
7,AF-A0A1H9XH11-F1,ddlvvvlvvlvvvlvvdddpvvsvvsvvvsvvvvvvvvvvvvvvvvd
8,AF-A0A1J5DHA9-F1,MFCLDVRRFLRLKDLAPFDIVCIDPPYLKGFLAPILDELPSCPLFNARTLFIIERQKKDDLGFAERPILELIDERTFGDTVLTIFRRHPPENPVV
9,AF-A0A1J5DHA9-F1,ddpddpvvvlppdddaadledededdapppplqvvlvsavprnnadqnykykykyfppddnpvvvvvqkawddwdddpriiitiigghddddppd
10,AF-A0A7S1P7S1-F1,QAPALNSSPAVHAPIYDRRVVPLPNLLNAPKLGLFQRKPIIITTSANEYTLFGLDAADMLKNATSAQLKEIFVHSYGPTKGAKVYAEYRALAKRRGVLSVATGAAGDAMFQCPNRYLASQLAARGWPVRLGLWEVVPDEARKMGI
11,AF-A0A7S1P7S1-F1,dpdppppdppppdddcpcppnvdpdclcclvvvvddqdadeaedeqqnqvvvcpvvcvvqvpddlvvllvllcvvpndvvsnvvsvvcvvvcvvpnsscssssvvscvpgvvssvssqvsnvvvvgnydyyyhhddppvnvvvvd
12,AF-A0A0E0N8P7-F1,MMRRFVNLVVDTAGVGADATACKLYRVAASALFSSPARRQAAAKELDPDDVDDAGGLPPPAITFHPSSLSGPGNVDFLHLPGDDSLLALDVDGRGLLYSAASAAVRYMPDPCKPKMEPISFTAGDSVLYVIERVPFSGNPGCFEALTYGLLPHDLDRMGWYWRSLPPPPFAKVGYDGDFRRHRQRREYDITASAVVNETELWVTAHGAGTFSFDTQVGEWRGRGEWRMPFKGRGEYVEEHGKWFGLSSTPLQGLHLCSCDLSHLCCSYDVPVVRRWLDGLDRLPAAAPPKQSFLMEAYAVHLGSGRFCIARFMEEEEEEEVEEEKDNISVHPFFHVAGVNNNKKKNDRFLLLTGVDVVACDDAVLVHKSIRYPFQNGDFVTLERDMTNLPSEVGPVHAPRYPKPKEEGWWLVIGDSSTNQLLAIKRVALQKRAREIKLSKGTSSNAKPTMEETWLFLLFSISLVAVLLATARRRRSSSIKARLPPGPSPLLFLAKFLRLRRSIFDLGPLLRDLHARHGPVISIRLFGTTLVFVADRRLAHRALVQGGSTFADRPPLPELGRLFTSDTRDINSSPYGPYWRLVRRNLASEALSSARVALFAPARRRARDVLVRGLRDRGGDGSRPVELRPLLRRAMFELLLYMSLGARLAPEALEEVERLELWMLRAFTSFPVFSFFPAITKRLFRNRWAAHVAVRRRVGEIYVPLINARRAGDGDGDDPPCYTDSLLQLRVAEEGDRPLTDDEIIALCSEFLNAGTDTTVTLVEWIMAELVNRPDIQAKVHDEVRRRPELTEADLQAMPYLKAVVLEGLRLHPPAQFLLPHGVQSDAEVGGYVVPRGAELNVWVAELGRDEVVWTAAREFMPERFMDGGEVEVDVTGSREITMMPFGVGRRMCPGYTVGMLHAEYLVGSLVRELEWLPETEGEAADMAEELDFTTVMKHPLRARVLPRPSSLY
13,AF-A0A0E0N8P7-F1,dffwwwkdwdwqpdpdddftkifiaigrvrvqdddcpvvvvpdddddppdqdqdaftdhtldidtddddpppfawwwawqapflwiwiqgqfgwiwiqhpvvrdidtadgqptgahfwdwddadrgkiwiahqqwaqvdqrrikikgwdqdpvhrvdtgidmdgagiaplhdyddppppppdddpdffgwfewedqhnfwtwtqghqqgikiagnvvrdiddqdrdddqagyywdqdpvaqwtwhfgpddpddgwiwidnpnpsrddddddpidtdpavvvddpppdqppdkdfpdwtwadpdqqkikiktkikawddddddddddddddaqqddddddddddiwmkikmkiwmfhanhpddgdgdirihmhidtshdddpdpdddpddddddddddddddddddddwdktwtatgvnstthtmridddrgddddppppdddalppppppvslvvlvvvvvvvvvvvvvvvvvdpddddpffaqaedpqsvvvvvcsvvlffpqpcvvvvvvvcvvrnqwhwhddpnfiaiegadfvlqccccavvvvqfafafqdfplvcllqvhvlalqhntpdpsnvqvlvlclpcqqdpvnvvllqvllvvllvqllvvqcvqfqvlpawdfnlvslllsllqsllcqalvdhddpvlsvllsvlllvslqcvrrdpqcvppvvvscvvpvvvvvvsnvssvvllvvvvvslvclvvvvhdpsgrdhssvslqvdfdvvvvrdrddsssssshsscssnvrrqqlsqllqqlllvcqvpvpllvvlqvqllvdlddglvslvvrqllllssvlsllqfqqrqkdnwtagcafddrpsgtdhhshtyiygqnslsqpcvqdpvsndrdsqlsdvvhrddddcqcnptpsgpsqrhhpngnsnpvvssssssrnnsspsnfkdwhasdppdrwqpdwddrstthrpdgditrihtdpsppd
14,AF-A0A1F9QC08-F1,MKPIHLLAAFSFSMSGLAFAAGSHEHAHKPLHGGVVSEVRDMDYELVAKPDLIQLYLRDHGKPVDVSKTNAKLTILVGTDKQEVELKPAGQPLEAGGSFKLANSKIVALVSVPGKAQATVRFVLK
15,AF-A0A1F9QC08-F1,ddddddddddddddddppdddddpdpdpddpppfdwdddpqkiwgwdddqfkiwiwidrpnhqdpcqpkwkwkwkddppdtdidtfhdddrigmdgdgddqaqikmwmfmddppddtditidtdd
16,AF-A0A7Y9PKC4-F1,MPRLVLLDVREPWEYQTAHLPDSLFMPMGDVPSRAHQELDPDDHIVVLCHHGLRSLNVAMWLRAQGFERAQSLAGGIDAFSRTIDPNLPRY
17,AF-A0A7Y9PKC4-F1,daeeaeeeqedpvvvvlfddprhdydhlvrcvvcvvpphdlrhqyeyadqqqpsqvvvqvvscvvnsvnydydhggvvvccvppnvvtddd
18,AF-A0A6L5P4A2-F1,MMELFNWGNQSLEVWFKIFQKLVKQGWKIKLEQIDQIDNGYWWNEKVTGLPIPSQEINRFGDIPLVTWSTYVYPPKAEDWIEELNASFNSPMQAYEWLAPRLEKYANEDS
19,AF-A0A6L5P4A2-F1,dpppppdpdvvvvllvvlvvlqvvvqkdkdkdkdqccvvvqwdqdppprdidgdcvrvvpcpddrikiwifidhhpgphtdpvltdidpdpvvssvvvrvvsnvvspvpd
20,AF-A0A423Q8M2-F1,MTRYPSDVPGTDTSTVELFDNGAPKGVFTTANGHWSTTPIDVAPGFHSFTAQGRYGSEPISPARTFRVAAVVTPTLTDIRDSRRSIVGGTTVDTAVIVEGTGSLGQLIQLMDGAEAIGNPFRVPADQTKWSTTLAGLNVKAYNLKARALYGNGVPDSTAKGFIVAPALDFGATYSMVTQNYIVARHRVPNQPIPTSNASYTRVATGGVPPYRYSSASPQIVVVDIDTGYVRAVGNGSAQISVSDLNGDTASYTVSVSGGHAGRSSGRCYLGTIRGSRRGGVRYPDRQLSA
21,AF-A0A423Q8M2-F1,ddddddddpddpfwkkwkdkvnhtqdiftddpndtddpdgdddfaktwmwiftpddprdidhtdidgdhdwdqkawdfkadppgtffvhedqaqkikikifgdaqfwkfkdfpnhtaddidtqhnvdrididmggrhdfdktwiwidgpddpprdiyhttmgghwhakeqdaaaeqefdpdeddppdfdpdddpngsfkdagdigtdgddkfkakpcvcakgadgrtriiggnhadkikmkmahpvrridiymygydnydhdpppdddddddpddddddddddddddddd
22,AF-A0A086KUI0-F1,MICVKSQMLKVVGLHVVGMGADEMIQGFGVAMKMGATKADFDNCVAVHPTAAEEVVTLPPWGLSHKDL
23,AF-A0A086KUI0-F1,dafdvvlqrfdpddddddpcpvplvvvvvvcsvvrdhlvvlcpddadppdpnscssvpdpppddpvnd
24,AF-A0A0R2MRJ6-F1,MRHKQPRYLGSLIAIIGLAILGLSFLFIGYDNSDASVGDQRLFQTRLTRITATDNGEWRVTGTTNAPSGAKIIALGTTDVSSVASSLASTTAWSRVNHGQFTATINAYNAATSHQYRTGQLVPVTVVAVTDYQQRQYNLLPAALRDQLQQFAPHQLKLTEQLAHFCQESYHQYNL
25,AF-A0A0R2MRJ6-F1,ddddddpcpvvvvvvvvvvvvvvvpppppplpapddddpkgkwakdwddwdddlllkiktktftpddwpffkwkaapdlqtqqfadpvdpfhtwtddprititighllrrdpdlqqdafawtwmqiitmppdddgnrdgddpsvvvvsvpdgtdtdgdhpsnsvvnnvvsvvpvd
26,AF-A0A1S8VNC5-F1,MDSRRRSTITESKQSEKASNFIDVQQQMNIHHFEKIMTLFHSHHNEDGSTGFNNDQFRVVFWEVLGKSLNEEQMEQLFMKIDSNSDGTVDWEEFSAYMMAASIEMEEFGDILDEHKHKLVSVPHKDMIIRIDFVQRERRYLSVSRDGIVCLWTKLFKLSRTINTHELNPKTSWAQDARFMHQHNKLVIVTDDRQLCIYDVFSIKPRLMAAISQLENNPLCLTFAAGYDEETDLILFGDDGGHVNVLSITAKFLVDTASDSYLGEPLTSAKLTKKDSLEKHNISLYRRKIHEDWVLKVQYYPEMNSFVSCAVENNKSLVIGDLERKTLRHIRIMKGIRCFEFCRRPSFLVTGGRDKIIRLWNPYVLSKPAGSLQGHNASVISIVINHEDGHIISLSEDKVVKVWNARSLNCLQTLVDKVPHRPENIISSIYYDAQYRQIITGSNGLEVWPLHNNSNQIITKSHDSPVVSAIFNHNFRQVVSGCQAGTITLWDPLFGKKIFQFHKAHGNLEITAMCFDISGRRLITGSRDGVIKMWNFNNGQIIRRLLKESVMETTDICFVEMGLNRFIIAVGWDRTISIFVDDPAHFEACPTRVLNGRGSGVHKGHEDDISAVAFCPPNVLATSSVDGTIVIWNLESGHIKHSMKDPFLDLRSKEERPVEKLIFVYQLNRSLSRATRPPLLSCHADGCVRVWDVFDGTLMNEFNCQVIDEEGLTTMSCDRDCTILMVGGSKGHIRIINLKAMLHDGDNCNLKLVIMDIWRAHMQSVSSISYIKSDDMIITCSKDSTVRIWTIKGTHVGTFGDKSWVLGDELTYCPLPSDLKHDQDLKNKRAEIVNTKETLIKKSIIDTWRGASTMFGLEDSGREMTLADKNDRKKTIRRLKDKAMIVYVAKKWKGENPNHIYSIVSKKN
27,AF-A0A1S8VNC5-F1,dvvvvvvvvvvvvcvvvvlqddpvlvvddpvlvvqvvvvlvpdadpvrdswdalvrqvvsvcvspvprddplvsvvvqlllvlvpprthhpvsvvllnvlvvpppddddpdqdqpdkdfaddpfpafwqdwdaqpvvrwiwtagqqgwiwtahpvrdtddidgvcvqpvpfhtwqdkdadnvlcwiwtfgqqakiwiwnppppdihtlaiahddvfrwrewdwapcpdpfwtwiwtwgqqqkikikiagpclsvvsvdvpppddhhylvlqcdpcccvvrrmhmdmdrddrgtwqdwdqdpvvqwikiadqdqqariwtghppdpdidgagdhrgwnewdaavvvtwiwtwfqvqkiftdrpvdrpdtpdiqhdgpggwnywdadnpqqwiwtagqqrwiwiahppvsdtndihhdppgddpqftfndwdadnvqqwiwtigstimighrdppppddpdfldpfawqdwdaqpsvrwiwtagqqakiwiahpfwletddidgpvphrwgwqewdaapssqwiwtwtqqrkifidrpssgdtqaiehepgrggwnywdwddappwtwiwtfwqqrkifidtpdsvdrydygpdiacdppppqrpadpggwqewdddppfwiwifhllqwiwiagnvvshtpdiahdpcsvvddsqfrgfrykywqdappddppvqaqiwmwiftqnqkiwiarpnvsdtldidhrdldpnkgwhdwdadnnnqwiwtwiqqqkiwiwgcpqvvpcrddspdpiatdamdrddrgtwndwdadpvqqkiwtggsvswifiahprgagqdirpdgtagrpdpvrrdhprpsddddpsrvvvrvvsvvvvvvvvvvvvvvvvvvvcvvvvdddddddddpvvvvvvvvvvvvvvvvvvvvvvvvvvvpddpvvpvvpppddd
28,AF-A0A6N2DKK2-F1,MLHAVPSCQPRRLRTVFNLTGSELVVILLLALVVLGPEKLPDAIRRFGKAYSELKKMGTGFQQEFKAAMDEPMREMRESAEILRKSADFSTDQTSSASPPRASTQVRPADDPPHPEPTDQVPFGDVPVDEVSSDPETDHR
29,AF-A0A6N2DKK2-F1,dddddpppddppppppdppdpvvvvvvvvvccvvqnpvrvvvvcvvvvvvvvvvvvvvvvvcvvvcvvcvvvvvvvvvvvvvvvvvvvvvvvvpppddddddddddddddddddddddddpddddddddddddddddddd
30,AF-A0A4U3B4U4-F1,MLDEISSKEKAAILIRTLDEGVAAKVIEYMTAEEKEVLLREIAKFRVYKPETL
31,AF-A0A4U3B4U4-F1,dpppqdpllvllvvlvpddpvvsvvvvvpddpvsnvssvvsvvvvvvpdpvvd
32,AF-J9FH33-F1,MNDPLAFPWALICSVPNKNSIPSLREFTLWLTKTLQEKAVQYGCSHRFDKEPKAVYYTTPGNEEEVRTTYSIVHSDHPEVIVVFHILPAPNSNEYKLMKELADEYDLIRQGILLENAMTYFEECNIKEVLGNMLQWFNRRISQLVALEKK
33,AF-J9FH33-F1,dwdpqaaaeeeeeqeqdpvcqvllqvlvlvlqvvlcvclvvvvhnhhhtnhhpyyyydhfqppvrllvvlvcccpvvvshaeyeyahadppgpsvvvqvvscvvsvhhydydypvcsnvvnpvhpvvvvsvvvsvsvvvsvvvvvvvvvd
34,AF-A0A4Q5X628-F1,MQFEPESRPSLLLLALAICGAAFVGACGSDLGDSTGSTCPSGSTLTYENFGSSFMQSYCLACHADGGPESPKLSTLAQIVAHRDEVDRAAAAGPNAVNTYMPEGMSVPESERRKLGEWLACGAPE
35,AF-A0A4Q5X628-F1,dddddddddddddddddddpdppppppddpfadqqpaaqdvpdpdacvpqvvvccvvwpccqqddvhpdddhdndlvsclvcvrvcrraqahhprdghangdppddddnvsspvssncvnvsrhd
36,AF-A0A7I4NMA3-F1,MRFSAARMYAKRGAYAKKTYPTVEKKMRRKVKFVVKPIGGDKNGKERKVLIKKEPKYLKECRTTRRTKRSPKKTALRRSISPGTILIILAGRHKGKRVIFLKQLEKSGLLLVTGPMKLNSTPLRRIAQAFVIATKTKLDISGLKVPEHIDDAYFRRFNFKKAPKKGDANIFTQGTTEYTVSDQRKADQKAVDNVVLEVIRKHPEKKYLFGYLGSRFALGKNQFPHRMLF
37,AF-A0A7I4NMA3-F1,dpddpvvvcvvvvvvvdddddpppdpppdddqwdwdadddppppgidtdgpddddpdddpdddddddddqddqddddplddfqwwkafcddprhqaiwgwhdqadrhnwtfigllcvqangagdtdhpvridtapdgfppvvddqdpvphpvnpdddddpddppddpddppppdppdddddvvsvvssvvrsvsvlvslvpdppsvvvsvrnndgddadpprdpvpdhd
38,AF-A0A7C1IRT6-F1,MSLVYENYEIGKPGVHAFISGVSAYHHLPGGSSAKQIRNSYGMKQLATPARSAHRLYRWLLDHKTSLPQPLRSIRLLMSPSQTDEIDVSTVPCTRDNFKSTAKSWRNDGATHRDNIMIFYFAGHGIQIDTNTSTIMLMEDFGVDSDDLFENGVSVSNLAELMRPLSDQTDIARTQLYFVDCCRVSHSDFERIQNPGVKSLWDVRYSSGVRDDRNAPIYFSTAP
39,AF-A0A7C1IRT6-F1,dqwpdfdddapfaaeeeefefeqaaqqapvhvdphhapdpvpdhghaprlvvsqvvvvvcvvcqpvppghhgtygyaydhdpnrdhpddhdafwlvsvlvvlvvslvvqlraqqyayeyegadaweaqdppawiwdagshqpvdnvlrccridtpvlslvvsfqapvrnrgyqhyeaeyhhdhdddpvsnpcpdnnhdrsddddhdpprdrnhpydhdypddd
40,AF-A0A2P5VRF4-F1,MSQKQRRGSGNREQKWQPKTKPNPVTSASASVDEAVTSKLGGLSISDGQVWKPKSYGTVAGSNAASAADVQTEKNNVDLSRIFLKPNLLENFKVDNSTYSLAQIRATFYPKFENEKSDQEIRIRMIEMVSKGLATLEVSLKHSGSLFMYAGNEGGAYAKNSFGNIYTAVGVFVLGRMFHEAWGSKAGEKQAQFNDFIERNRICISMELVTAVLGDHGQRPREDYAVVTAVTELGNGKPKFYSTPEVIAFCRKWRLPTNHVWLFSTRKSVTSFFAAYDLLCEEGTATSVCRALDEVADISAPGSKDHITVQGEILEGLVARIVSHESSKHMEEVLKDHPPPSADGAGMDLGPSLREICAANRLDEKQQIKALLQKVGSSFCPDHSDWCDSHSRNADRSVLTKFLQAHPADYSTAKLQANKERAAGIAKNNNDIVGHVNNGSSTSTIDGLANEDANLMIKLKFLTYKLRTFLIRNGLSILFKDGPAAYRAYYLRRHWFLVLDGNRAQMLRISLSQSRSPMQMKIWGTSAGKQRELSKMLDECLNSRAVYIRRKCGNRQLSSAIYLSEAEPFLEQYAKRSPENQALIGSAGNLVKTEDFLAVVEGGMDEEGDLATEREEAPASLSPSVKDTIQKTEGLIVFFPGIPGCAKSALCKELLNTPGGLGDDRPVQSLMGDLIKGRYWPKIADECRKKPYSIILADKNAPNEEVWKQIENMCHSTRASAVPVIPDSEGTDSNPFALDALAVFMFRVLQRDNHPGNLDKLSPNAGYVMLMFYHLYDGKSRKYFEDELVERFGSLVKIPLLKPDR
41,AF-A0A2P5VRF4-F1,ddddddddddddddddddddddddddddddddddddddddddddddddddddddddddddddddddddddpddpdppppvvpppdpcplvpddfdqpfafedfdlddddddfaadfpvcpllvvqlvclavlqwkkkkffddqawkwkdqaqvsaidtvvdhqfpvrllvllqvllllcqapppcslvllqvvrvvsnvqrkmwiwgfqalqvfdrffhwqathietpwiwrrpsdpididdvlvvllvclvsvhkytkmfidrhsqlsvqlvvqcvvqqqqfwlvsnvvsrvvsgpdidhildrccvggrtftffmkmwiagscsvvsnvvscvvrphgdrpnvpdclddgllrlllvvqadrlsssvsslvssdcsrhvdscshpdpppppppvsvvvsllsrhypgpvsvvvsvvvccvvvvvpdpddddddddddddddddddddpvrntsmhtrghqlrcccnplqlvlvvcclfvnpvssclqlwpdddddddddddddpppdddddddthdpvvsvvddpvlsvvssvlcvpqvvvlsvvccvvppsddddsscrlvsrlvslvvqlvvdvvscssnpdgdpdpdvvsvsshphdddddpddddddddddddddddddddddddqaeeeeaeqdfaqqclvvvlvcqvvddphpvdpaaededaplpdpddqlvvvlvvcvvrsrhyysdndhphdvvslvsvlvscvvsvyayeyeyadaqfdqfflhdvvllvsslvsqlpddpdsncrhvpnpcnvvssvvsrcsrtragnvnvlvvncvrrvdyhydydddpvd
42,AF-A0A4C1SU14-F1,RNRIRVMDDKRLCARINELADKDDSLSIVTRVQRDVAIDKQYSNTEENRIDKQMPIITSTLIRKLELKKLSKKNQKQSPA
43,AF-A0A4C1SU14-F1,ddpppdqpvvqlvvlcvvplqpafpvvsvvvsqvvqqpdfdqdppddrdgdgdgdddddpdpdthhnddddpppppdddd
44,AF-A0A1S8NDD1-F1,MKLFVKSWFKDIDFKSFYLIYDIENGHTKEEEMELSIIKENIGDGELVTNIYSGNCKCECGNELNLQELCVGEFGTSFECKCGKRVWLTQIDEEIKELLVYEGYHYMTEEYFIIVKQKVYSKLNLTKTRILNNKLRESNNYLFIDFENKSFFYIDKKGRTIKDNGRVFFRNITVEEMTELSENLKEFCDKNNIHPNYGVIVEKLISDYNSPNFADVLKKAISEYYIENFIKEGLSYLFKYDFLVNSSILEKHCSINKKATTCGEILGVPKKVISYIRDNKLDSPNICKLKNFLRENSYNDFKALISNEDSMFTLDDLEKISYLLKHGYNATKLNRYAANIIKTEKLNREDLLTYLADSIRMSMSQNIKFRLYSKNLKQRHDKIMVKYKLVRDEIVNKKLLDIHDNISINQYGEEYTAIIPRSVSDFEKEAENQRHCVLSYAEGMANNEMLIVFIRCRDNLDKSHITLEILNGRIVQAKKFTNNPVDSNDIVYLRGLAKANGWIF
45,AF-A0A1S8NDD1-F1,dvvvlvvvvvvppvvvvqddddppdddddrdpvplvvlcvvqdqafedadpppvfdadpvgdgddpvqwdqdqfgiwhqdpvrgiygyfyqpvvvrwtwghwdwdfdddpwtkiktktktfhappvvsttdspdidiwiwmwtqdlpvlaiwiqgsvrdtdrplclvvcvpddlvnlvvvlvvvqvrccvvvnlpcssvqsvqcsvqdpdscpsvssscsspfqvcsqcvvlqnvlqchnhnvvsvvcccpvqvadspdnhpcnrsvhdpvcsvvcnvvvdysvlsslvnvlvvqdppvlccladvdplhldhsvcsvlvslvvvvpddrnvvsvllvlccvpvvdhpvvqsvlssqlvvlcvvqvndddpsdpnsvvvsvvsvvvsvvvvqvlllvlqqvvqvpddfdaddqfkdkhfdrglvvqvllcvqqvhnssvcsvcvsvvqwtwifmdtpvdrshgawifiggplegpdiagrprddddpvvvvnvvrssvrvvghd
46,AF-A0A1K0H6H6-F1,MRDPSTSTVLYKILTPQEKADMSGTNWAGTALDAKDGFIHLSSADQLAGTLERFFSPASGCGDTLYIYTFKRSDVDRQRNTPIKLQFDPAIGTVFGHIYGNIDPEVDFSGPIGVKRSASTRLFELPPLEY
47,AF-A0A1K0H6H6-F1,ddafvpaqkkkdkffpvqvvvaaqwfgqeppvsvvvqwhwiaapvcvqvcccpcvapvnvsdfkmwmkmfgpccqvdddpdhkdwdwddddnhtttiihgtgrcnpriddtdmwgqdpvprgtdddddgd
48,AF-S2Y008-F1,MTTSAHPAPADTTTADTAALEVIGTALYQGNSYRLIYEAERNLIWLDYSTEYLDWATGDAWAASLNEQGALAYQLKGGVHVEWDGDWRLPATPHPAYEFGYDGTSTAGFNVTSSDLGHLYYASLGNKGNQALDGTYPQPGVGLQNTGPFENLKIDFYWLNEYADHPAIAWFFGTHIGYQGDDQKDWPFNYAIAVRGGRVTRTSLETIGTAAYQGSEYKLIWDEAQDLVWLDYTAPFNNWESQLKWAAGLNSDGALTVSLDPAYEVSWTGGWRLPATEDGPAHYGYDGTTLCGYNTKNSEWTRLYYGALGNKALQGLDGSMPELPAPDSERPAVDDDGAFDFAAAFGQFFANHVPFENLKAEHYWSGTEYGNYPAKAWYIITGVGYLGAINKQFHFSFAMAVRPAEIRRTGA
